{"current":{"color_header_bg":"#030303","color_header_links":"#fff","color_body_bg":"#f7f7f7","color_content_bg":"#fff","color_body_headings":"#030303","color_body_text":"#666","color_button_bg":"#006eff","color_button_text":"#fff","color_footer_bg":"#030303","color_footer_text":"#fff","color_hero_text":"#fff","color_hero_bg":"#006eff","type_accent_family":"unica_one_n4","type_accent_spacing":true,"type_accent_transform":true,"type_base_family":"karla_n4","type_base_size":"16px","type_nav_size":"14px","type_nav_spacing":true,"type_nav_transform":true,"product_images_padding":true,"product_vendor_enable":false,"share_image":"shopify:\/\/shop_images\/js.png","social_facebook_link":"https:\/\/business.facebook.com\/Jfa-store-103296258141134","social_twitter_link":"https:\/\/twitter.com\/JfaStore","social_pinterest_link":"","social_instagram_link":"https:\/\/www.instagram.com\/jfastoreglobalsupply.co\/","social_tumblr_link":"https:\/\/jfastore.tumblr.com\/","social_snapchat_link":"","social_youtube_link":"","social_vimeo_link":"","share_facebook":true,"share_twitter":true,"share_pinterest":true,"favicon":"shopify:\/\/shop_images\/js.png","flits_tracking_active_color":"#1201fe","flits_tracking_completed_color":"#2d8700","flits_tracking_remain_color":"#dddddd","flits_outer_circle_background_color":"#ebf0f2","flits_check_mark_color":"#ebf0f2","flits_primary_button_color":"#4c5667","flits_primary_button_background_color":"#ebeff2","flits_default_button_color":"#5fbeaa","flits_default_button_background_color":"#ebeff2","flits_danger_button_color":"#d9534f","flits_danger_button_background_color":"#ebeff2","checkout_header_image":"shopify:\/\/shop_images\/js.png","checkout_logo_image":"shopify:\/\/shop_images\/js.png","checkout_logo_position":"left","checkout_logo_size":"medium","checkout_body_background_image":"","checkout_body_background_color":"#050404","checkout_input_background_color_mode":"white","checkout_sidebar_background_image":"shopify:\/\/shop_images\/domokun.png","checkout_sidebar_background_color":"#fafafa","checkout_heading_font":"-apple-system, BlinkMacSystemFont, 'Segoe UI', Roboto, Helvetica, Arial, sans-serif, 'Apple Color Emoji', 'Segoe UI Emoji', 'Segoe UI Symbol'","checkout_body_font":"-apple-system, BlinkMacSystemFont, 'Segoe UI', Roboto, Helvetica, Arial, sans-serif, 'Apple Color Emoji', 'Segoe UI Emoji', 'Segoe UI Symbol'","checkout_accent_color":"#006eff","checkout_button_color":"#006eff","checkout_error_color":"#e32c2b","checkout_banner_background_color":"#fff","checkout_call_to_action_color":"#006eff","checkout_use_header_image":false,"color_newsletter_input":"#1a1a1a","sections":{"slideshow":{"type":"slideshow","blocks":{"1595446305195":{"type":"slide","settings":{"image":"shopify:\/\/shop_images\/spt.jpg","image_position":"center center","title":"sneakers","button_label":"","button_link":""}},"1595446339621":{"type":"slide","settings":{"image":"shopify:\/\/shop_images\/shoes.jpg","image_position":"center center","title":"outfit","button_label":"","button_link":""}},"1595446358438":{"type":"slide","settings":{"image":"shopify:\/\/shop_images\/jaket_red.png","image_position":"center center","title":"apparel","button_label":"","button_link":""}},"1595446684533":{"type":"slide","settings":{"image":"shopify:\/\/shop_images\/jaket_hitam.png","image_position":"center center","title":"apparel","button_label":"view","button_link":"shopify:\/\/products\/casual-loose-large-size-jacket-and-cotton-warm-couple-cotton-coat"}}},"block_order":["1595446305195","1595446339621","1595446358438","1595446684533"],"settings":{"hero_home_height":"large","hero_home_auto":true,"hero_home_auto_speed":5}},"footer":{"type":"footer","blocks":{"1595290382179":{"type":"menu","settings":{"link_list":"about-us"}},"social":{"type":"social","settings":{"title":"Follow us","align":"left"}},"1595447569984":{"type":"newsletter","settings":{"color_newsletter_input":"#1a1a1a","color_newsletter_input_text":"#fff","title":"Newslatter","subheading":"<p>Get the latest information about our Promotional and Discount products Directly to your e-mail box<\/p>"}}},"block_order":["1595290382179","social","1595447569984"],"settings":{"show_payment_icons":true}},"header":{"type":"header","settings":{"logo":"shopify:\/\/shop_images\/js.png","logo_max_width":"400","main_linklist":"main-menu","promo_bar_enable":false,"promo_bar_text":"","promo_bar_link":""}},"collection-filters":{"type":"collection-filters","settings":{"product_tags_enable":true,"product_sorting_enable":false}},"1595292361221":{"type":"link-block","blocks":{"1595292361221-0":{"type":"link_block","settings":{"image":"shopify:\/\/shop_images\/mockup-3822fcc6_110x110_2x_969bc792-a46c-4903-8a4c-705edd865b96.jpg","link":"shopify:\/\/products\/jacket-jpn-drift","cta_label":"Jacket jpn drift water proff"}},"1595292361221-1":{"type":"link_block","settings":{"image":"shopify:\/\/shop_images\/2800899211502_3.jpg","link":"shopify:\/\/products\/round-head-sandals","cta_label":"sneakers outfit"}},"1595450326156":{"type":"link_block","settings":{"image":"shopify:\/\/shop_images\/5_38840c7c-377a-4966-90f8-29ee3716229b.png","link":"shopify:\/\/products\/toucan-printed-short-sleeved-shirt","cta_label":"cool beach shirt"}}},"block_order":["1595292361221-0","1595292361221-1","1595450326156"],"settings":{}},"cart-template":{"type":"cart-template","settings":{"cart_notes_enable":false}},"list-collections-template":{"type":"list-collections-template","blocks":{"1595447479762":{"type":"collection","settings":{"collection":""}}},"block_order":["1595447479762"],"settings":{"display_type":"all","layout":"grid","sort":"alphabetical"}},"1595328895599":{"type":"featured-product","settings":{"product":"street-tooling-shorts","enable_ajax":false,"stock_enable":false,"social_sharing_products":false,"enable_payment_button":true}},"1595435130346":{"type":"advanced-content","blocks":{"1595441006049":{"type":"html","settings":{"code":"<div id=\"product-component-1595440506391\"><\/div>\n<script type=\"text\/javascript\">\n\/*<![CDATA[*\/\n(function () {\n  var scriptURL = 'https:\/\/sdks.shopifycdn.com\/buy-button\/latest\/buy-button-storefront.min.js';\n  if (window.ShopifyBuy) {\n    if (window.ShopifyBuy.UI) {\n      ShopifyBuyInit();\n    } else {\n      loadScript();\n    }\n  } else {\n    loadScript();\n  }\n  function loadScript() {\n    var script = document.createElement('script');\n    script.async = true;\n    script.src = scriptURL;\n    (document.getElementsByTagName('head')[0] || document.getElementsByTagName('body')[0]).appendChild(script);\n    script.onload = ShopifyBuyInit;\n  }\n  function ShopifyBuyInit() {\n    var client = ShopifyBuy.buildClient({\n      domain: 'jfa-group.myshopify.com',\n      storefrontAccessToken: '7b455c5da345b032b15a644895da6ab6',\n    });\n    ShopifyBuy.UI.onReady(client).then(function (ui) {\n      ui.createComponent('product', {\n        id: '5514077077656',\n          variantId: '35364926357656',\n        node: document.getElementById('product-component-1595440506391'),\n        moneyFormat: '%24%7B%7Bamount%7D%7D',\n        options: {\n  \"product\": {\n    \"styles\": {\n      \"product\": {\n        \"@media (min-width: 601px)\": {\n          \"max-width\": \"calc(25% - 20px)\",\n          \"margin-left\": \"20px\",\n          \"margin-bottom\": \"50px\"\n        }\n      },\n      \"title\": {\n        \"font-family\": \"Lato, sans-serif\",\n        \"color\": \"#0d0c0c\"\n      },\n      \"button\": {\n        \"font-family\": \"Arial, sans-serif\",\n        \"color\": \"#fafbfd\",\n        \":hover\": {\n          \"color\": \"#fafbfd\",\n          \"background-color\": \"#1d1f1b\"\n        },\n        \"background-color\": \"#111210\",\n        \":focus\": {\n          \"background-color\": \"#1d1f1b\"\n        },\n        \"border-radius\": \"18px\",\n        \"padding-left\": \"46px\",\n        \"padding-right\": \"46px\"\n      },\n      \"price\": {\n        \"font-family\": \"Lato, sans-serif\",\n        \"font-weight\": \"bold\",\n        \"font-size\": \"21px\",\n        \"color\": \"#0d0c0c\"\n      },\n      \"compareAt\": {\n        \"font-family\": \"Lato, sans-serif\",\n        \"font-weight\": \"bold\",\n        \"font-size\": \"17.849999999999998px\",\n        \"color\": \"#0d0c0c\"\n      },\n      \"unitPrice\": {\n        \"font-family\": \"Lato, sans-serif\",\n        \"font-weight\": \"bold\",\n        \"font-size\": \"17.849999999999998px\",\n        \"color\": \"#0d0c0c\"\n      }\n    },\n    \"buttonDestination\": \"checkout\",\n    \"contents\": {\n      \"options\": false\n    },\n    \"width\": \"380px\",\n    \"text\": {\n      \"button\": \"Buy now\"\n    },\n    \"googleFonts\": [\n      \"Lato\"\n    ]\n  },\n  \"productSet\": {\n    \"styles\": {\n      \"products\": {\n        \"@media (min-width: 601px)\": {\n          \"margin-left\": \"-20px\"\n        }\n      }\n    }\n  },\n  \"modalProduct\": {\n    \"contents\": {\n      \"img\": false,\n      \"imgWithCarousel\": true,\n      \"button\": false,\n      \"buttonWithQuantity\": true\n    },\n    \"styles\": {\n      \"product\": {\n        \"@media (min-width: 601px)\": {\n          \"max-width\": \"100%\",\n          \"margin-left\": \"0px\",\n          \"margin-bottom\": \"0px\"\n        }\n      },\n      \"button\": {\n        \"font-family\": \"Arial, sans-serif\",\n        \"color\": \"#fafbfd\",\n        \":hover\": {\n          \"color\": \"#fafbfd\",\n          \"background-color\": \"#1d1f1b\"\n        },\n        \"background-color\": \"#111210\",\n        \":focus\": {\n          \"background-color\": \"#1d1f1b\"\n        },\n        \"border-radius\": \"18px\",\n        \"padding-left\": \"46px\",\n        \"padding-right\": \"46px\"\n      }\n    },\n    \"text\": {\n      \"button\": \"Add to cart\"\n    }\n  },\n  \"option\": {\n    \"styles\": {\n      \"label\": {\n        \"font-family\": \"Lato, sans-serif\",\n        \"font-weight\": \"bold\"\n      },\n      \"select\": {\n        \"font-family\": \"Lato, sans-serif\",\n        \"font-weight\": \"bold\"\n      }\n    },\n    \"googleFonts\": [\n      \"Lato\"\n    ]\n  },\n  \"cart\": {\n    \"styles\": {\n      \"button\": {\n        \"font-family\": \"Arial, sans-serif\",\n        \"color\": \"#fafbfd\",\n        \":hover\": {\n          \"color\": \"#fafbfd\",\n          \"background-color\": \"#1d1f1b\"\n        },\n        \"background-color\": \"#111210\",\n        \":focus\": {\n          \"background-color\": \"#1d1f1b\"\n        },\n        \"border-radius\": \"18px\"\n      }\n    },\n    \"text\": {\n      \"total\": \"Subtotal\",\n      \"button\": \"Checkout\"\n    }\n  },\n  \"toggle\": {\n    \"styles\": {\n      \"toggle\": {\n        \"font-family\": \"Arial, sans-serif\",\n        \"background-color\": \"#111210\",\n        \":hover\": {\n          \"background-color\": \"#1d1f1b\"\n        },\n        \":focus\": {\n          \"background-color\": \"#1d1f1b\"\n        }\n      },\n      \"count\": {\n        \"color\": \"#fafbfd\",\n        \":hover\": {\n          \"color\": \"#fafbfd\"\n        }\n      },\n      \"iconPath\": {\n        \"fill\": \"#fafbfd\"\n      }\n    }\n  }\n},\n      });\n    });\n  }\n})();\n\/*]]>*\/\n<\/script>","width":"50%","alignment":"bottom-middle"}},"1595435139166":{"type":"html","settings":{"code":"<div id=\"product-component-1595434680518\"><\/div>\n<script type=\"text\/javascript\">\n\/*<![CDATA[*\/\n(function () {\n  var scriptURL = 'https:\/\/sdks.shopifycdn.com\/buy-button\/latest\/buy-button-storefront.min.js';\n  if (window.ShopifyBuy) {\n    if (window.ShopifyBuy.UI) {\n      ShopifyBuyInit();\n    } else {\n      loadScript();\n    }\n  } else {\n    loadScript();\n  }\n  function loadScript() {\n    var script = document.createElement('script');\n    script.async = true;\n    script.src = scriptURL;\n    (document.getElementsByTagName('head')[0] || document.getElementsByTagName('body')[0]).appendChild(script);\n    script.onload = ShopifyBuyInit;\n  }\n  function ShopifyBuyInit() {\n    var client = ShopifyBuy.buildClient({\n      domain: 'jfa-group.myshopify.com',\n      storefrontAccessToken: '7b455c5da345b032b15a644895da6ab6',\n    });\n    ShopifyBuy.UI.onReady(client).then(function (ui) {\n      ui.createComponent('product', {\n        id: '5521703600280',\n          variantId: '35384346247320',\n        node: document.getElementById('product-component-1595434680518'),\n        moneyFormat: '%24%7B%7Bamount%7D%7D',\n        options: {\n  \"product\": {\n    \"styles\": {\n      \"product\": {\n        \"@media (min-width: 601px)\": {\n          \"max-width\": \"calc(25% - 20px)\",\n          \"margin-left\": \"20px\",\n          \"margin-bottom\": \"50px\"\n        }\n      },\n      \"title\": {\n        \"font-family\": \"Lato, sans-serif\",\n        \"color\": \"#0d0c0c\"\n      },\n      \"button\": {\n        \"font-family\": \"Arial, sans-serif\",\n        \"color\": \"#fafbfd\",\n        \":hover\": {\n          \"color\": \"#fafbfd\",\n          \"background-color\": \"#1d1f1b\"\n        },\n        \"background-color\": \"#111210\",\n        \":focus\": {\n          \"background-color\": \"#1d1f1b\"\n        },\n        \"border-radius\": \"18px\",\n        \"padding-left\": \"46px\",\n        \"padding-right\": \"46px\"\n      },\n      \"price\": {\n        \"font-family\": \"Lato, sans-serif\",\n        \"font-weight\": \"bold\",\n        \"color\": \"#0d0c0c\"\n      },\n      \"compareAt\": {\n        \"font-family\": \"Lato, sans-serif\",\n        \"font-weight\": \"bold\",\n        \"color\": \"#0d0c0c\"\n      },\n      \"unitPrice\": {\n        \"font-family\": \"Lato, sans-serif\",\n        \"font-weight\": \"bold\",\n        \"color\": \"#0d0c0c\"\n      }\n    },\n    \"buttonDestination\": \"checkout\",\n    \"contents\": {\n      \"options\": false\n    },\n    \"width\": \"380px\",\n    \"text\": {\n      \"button\": \"Buy now\"\n    },\n    \"googleFonts\": [\n      \"Lato\"\n    ]\n  },\n  \"productSet\": {\n    \"styles\": {\n      \"products\": {\n        \"@media (min-width: 601px)\": {\n          \"margin-left\": \"-20px\"\n        }\n      }\n    }\n  },\n  \"modalProduct\": {\n    \"contents\": {\n      \"img\": false,\n      \"imgWithCarousel\": true,\n      \"button\": false,\n      \"buttonWithQuantity\": true\n    },\n    \"styles\": {\n      \"product\": {\n        \"@media (min-width: 601px)\": {\n          \"max-width\": \"100%\",\n          \"margin-left\": \"0px\",\n          \"margin-bottom\": \"0px\"\n        }\n      },\n      \"button\": {\n        \"font-family\": \"Arial, sans-serif\",\n        \"color\": \"#fafbfd\",\n        \":hover\": {\n          \"color\": \"#fafbfd\",\n          \"background-color\": \"#1d1f1b\"\n        },\n        \"background-color\": \"#111210\",\n        \":focus\": {\n          \"background-color\": \"#1d1f1b\"\n        },\n        \"border-radius\": \"18px\",\n        \"padding-left\": \"46px\",\n        \"padding-right\": \"46px\"\n      }\n    },\n    \"text\": {\n      \"button\": \"Add to cart\"\n    }\n  },\n  \"option\": {\n    \"styles\": {\n      \"label\": {\n        \"font-family\": \"Lato, sans-serif\",\n        \"font-weight\": \"bold\"\n      },\n      \"select\": {\n        \"font-family\": \"Lato, sans-serif\",\n        \"font-weight\": \"bold\"\n      }\n    },\n    \"googleFonts\": [\n      \"Lato\"\n    ]\n  },\n  \"cart\": {\n    \"styles\": {\n      \"button\": {\n        \"font-family\": \"Arial, sans-serif\",\n        \"color\": \"#fafbfd\",\n        \":hover\": {\n          \"color\": \"#fafbfd\",\n          \"background-color\": \"#1d1f1b\"\n        },\n        \"background-color\": \"#111210\",\n        \":focus\": {\n          \"background-color\": \"#1d1f1b\"\n        },\n        \"border-radius\": \"18px\"\n      }\n    },\n    \"text\": {\n      \"total\": \"Subtotal\",\n      \"button\": \"Checkout\"\n    }\n  },\n  \"toggle\": {\n    \"styles\": {\n      \"toggle\": {\n        \"font-family\": \"Arial, sans-serif\",\n        \"background-color\": \"#111210\",\n        \":hover\": {\n          \"background-color\": \"#1d1f1b\"\n        },\n        \":focus\": {\n          \"background-color\": \"#1d1f1b\"\n        }\n      },\n      \"count\": {\n        \"color\": \"#fafbfd\",\n        \":hover\": {\n          \"color\": \"#fafbfd\"\n        }\n      },\n      \"iconPath\": {\n        \"fill\": \"#fafbfd\"\n      }\n    }\n  }\n},\n      });\n    });\n  }\n})();\n\/*]]>*\/\n<\/script>","width":"50%","alignment":"bottom-middle"}},"1595548985145":{"type":"html","settings":{"code":"<div id=\"product-component-1595548977665\"><\/div>\n<script type=\"text\/javascript\">\n\/*<![CDATA[*\/\n(function () {\n  var scriptURL = 'https:\/\/sdks.shopifycdn.com\/buy-button\/latest\/buy-button-storefront.min.js';\n  if (window.ShopifyBuy) {\n    if (window.ShopifyBuy.UI) {\n      ShopifyBuyInit();\n    } else {\n      loadScript();\n    }\n  } else {\n    loadScript();\n  }\n  function loadScript() {\n    var script = document.createElement('script');\n    script.async = true;\n    script.src = scriptURL;\n    (document.getElementsByTagName('head')[0] || document.getElementsByTagName('body')[0]).appendChild(script);\n    script.onload = ShopifyBuyInit;\n  }\n  function ShopifyBuyInit() {\n    var client = ShopifyBuy.buildClient({\n      domain: 'jfa-group.myshopify.com',\n      storefrontAccessToken: '7b455c5da345b032b15a644895da6ab6',\n    });\n    ShopifyBuy.UI.onReady(client).then(function (ui) {\n      ui.createComponent('product', {\n        id: '5514136682648',\n          variantId: '35365121786008',\n        node: document.getElementById('product-component-1595548977665'),\n        moneyFormat: '%24%7B%7Bamount%7D%7D',\n        options: {\n  \"product\": {\n    \"styles\": {\n      \"product\": {\n        \"@media (min-width: 601px)\": {\n          \"max-width\": \"calc(25% - 20px)\",\n          \"margin-left\": \"20px\",\n          \"margin-bottom\": \"50px\"\n        }\n      },\n      \"title\": {\n        \"font-family\": \"Lato, sans-serif\",\n        \"color\": \"#0d0c0c\"\n      },\n      \"button\": {\n        \"font-family\": \"Arial, sans-serif\",\n        \"color\": \"#fafbfd\",\n        \":hover\": {\n          \"color\": \"#fafbfd\",\n          \"background-color\": \"#1d1f1b\"\n        },\n        \"background-color\": \"#111210\",\n        \":focus\": {\n          \"background-color\": \"#1d1f1b\"\n        },\n        \"border-radius\": \"19px\",\n        \"padding-left\": \"46px\",\n        \"padding-right\": \"46px\"\n      },\n      \"price\": {\n        \"font-family\": \"Lato, sans-serif\",\n        \"font-weight\": \"bold\",\n        \"color\": \"#0d0c0c\"\n      },\n      \"compareAt\": {\n        \"font-family\": \"Lato, sans-serif\",\n        \"font-weight\": \"bold\",\n        \"color\": \"#0d0c0c\"\n      },\n      \"unitPrice\": {\n        \"font-family\": \"Lato, sans-serif\",\n        \"font-weight\": \"bold\",\n        \"color\": \"#0d0c0c\"\n      }\n    },\n    \"buttonDestination\": \"checkout\",\n    \"contents\": {\n      \"options\": false\n    },\n    \"width\": \"380px\",\n    \"text\": {\n      \"button\": \"Buy now\"\n    },\n    \"googleFonts\": [\n      \"Lato\"\n    ]\n  },\n  \"productSet\": {\n    \"styles\": {\n      \"products\": {\n        \"@media (min-width: 601px)\": {\n          \"margin-left\": \"-20px\"\n        }\n      }\n    }\n  },\n  \"modalProduct\": {\n    \"contents\": {\n      \"img\": false,\n      \"imgWithCarousel\": true,\n      \"button\": false,\n      \"buttonWithQuantity\": true\n    },\n    \"styles\": {\n      \"product\": {\n        \"@media (min-width: 601px)\": {\n          \"max-width\": \"100%\",\n          \"margin-left\": \"0px\",\n          \"margin-bottom\": \"0px\"\n        }\n      },\n      \"button\": {\n        \"font-family\": \"Arial, sans-serif\",\n        \"color\": \"#fafbfd\",\n        \":hover\": {\n          \"color\": \"#fafbfd\",\n          \"background-color\": \"#1d1f1b\"\n        },\n        \"background-color\": \"#111210\",\n        \":focus\": {\n          \"background-color\": \"#1d1f1b\"\n        },\n        \"border-radius\": \"19px\",\n        \"padding-left\": \"46px\",\n        \"padding-right\": \"46px\"\n      }\n    },\n    \"text\": {\n      \"button\": \"Add to cart\"\n    }\n  },\n  \"option\": {\n    \"styles\": {\n      \"label\": {\n        \"font-family\": \"Lato, sans-serif\",\n        \"font-weight\": \"bold\"\n      },\n      \"select\": {\n        \"font-family\": \"Lato, sans-serif\",\n        \"font-weight\": \"bold\"\n      }\n    },\n    \"googleFonts\": [\n      \"Lato\"\n    ]\n  },\n  \"cart\": {\n    \"styles\": {\n      \"button\": {\n        \"font-family\": \"Arial, sans-serif\",\n        \"color\": \"#fafbfd\",\n        \":hover\": {\n          \"color\": \"#fafbfd\",\n          \"background-color\": \"#1d1f1b\"\n        },\n        \"background-color\": \"#111210\",\n        \":focus\": {\n          \"background-color\": \"#1d1f1b\"\n        },\n        \"border-radius\": \"19px\"\n      }\n    },\n    \"text\": {\n      \"total\": \"Subtotal\",\n      \"button\": \"Checkout\"\n    }\n  },\n  \"toggle\": {\n    \"styles\": {\n      \"toggle\": {\n        \"font-family\": \"Arial, sans-serif\",\n        \"background-color\": \"#111210\",\n        \":hover\": {\n          \"background-color\": \"#1d1f1b\"\n        },\n        \":focus\": {\n          \"background-color\": \"#1d1f1b\"\n        }\n      },\n      \"count\": {\n        \"color\": \"#fafbfd\",\n        \":hover\": {\n          \"color\": \"#fafbfd\"\n        }\n      },\n      \"iconPath\": {\n        \"fill\": \"#fafbfd\"\n      }\n    }\n  }\n},\n      });\n    });\n  }\n})();\n\/*]]>*\/\n<\/script>","width":"50%","alignment":"bottom-middle"}}},"block_order":["1595441006049","1595435139166","1595548985145"],"settings":{}},"1595443899143":{"type":"map","settings":{"map_title":"global delivery service","address":"<p><strong>Rest Of World<\/strong><\/p>\n<p><strong>-CJ Packet<\/strong><\/p>\n<p><strong>-CJ Packet<\/strong><\/p>\n<p><strong>-DHL<\/strong><\/p>","map_address":"ontario,ottawa,canada","button":"Maps","show_pin":true,"api_key":"","image":"shopify:\/\/shop_images\/jfg.png","position":"center left"}},"product-template":{"type":"product-template","settings":{"enable_ajax":false,"stock_enable":false,"enable_payment_button":true,"social_sharing_products":false}},"product-recommendations":{"type":"product-recommendations","settings":{"show_product_recommendations":true,"heading":"You may also like"}},"featured-products-subsection":{"type":"featured-products-subsection","settings":{"collection":"jeans"}},"1595449631469":{"type":"gallery","blocks":{"1595449631469-1":{"type":"image_block","settings":{"image":"shopify:\/\/shop_images\/2.jpg","image_align":"top center"}},"1595449631469-0":{"type":"image_block","settings":{"image":"shopify:\/\/shop_images\/00.jpg","image_align":"top center"}},"1595449631469-2":{"type":"image_block","settings":{"image":"shopify:\/\/shop_images\/1.jpg","image_align":"top center"}}},"block_order":["1595449631469-1","1595449631469-0","1595449631469-2"],"settings":{"gallery_height":"short"}},"1595548294569":{"type":"advanced-content","blocks":{"1595548294569-0":{"type":"html","settings":{"code":"<div class=\"tumblr-post\" data-href=\"https:\/\/embed.tumblr.com\/embed\/post\/-6mW0dxoPt_OOBPiM_wYOA\/624476083139608576\" data-did=\"73755d80ea2e2039c861afb2be1da099adf891db\"><a href=\"https:\/\/jfastore.tumblr.com\/post\/624476083139608576\/newest-mens-jacket-30-discount\">https:\/\/jfastore.tumblr.com\/post\/624476083139608576\/newest-mens-jacket-30-discount<\/a><\/div>  <script async=\"\" src=\"https:\/\/assets.tumblr.com\/post.js\"><\/script>","width":"100%","alignment":"center"}}},"block_order":["1595548294569-0"],"settings":{}}},"content_for_index":["slideshow","1595435130346","1595449631469","1595328895599","1595292361221","1595443899143","1595548294569"]},"presets":{"Snowboards":{"checkout_accent_color":"#006eff","checkout_banner_background_color":"#fff","checkout_button_color":"#006eff","checkout_call_to_action_color":"#006eff","checkout_use_header_image":false,"color_body_bg":"#f7f7f7","color_body_headings":"#030303","color_body_text":"#666","color_button_bg":"#006eff","color_button_text":"#fff","color_content_bg":"#fff","color_footer_bg":"#030303","color_footer_text":"#fff","color_header_bg":"#030303","color_header_links":"#fff","color_hero_bg":"#006eff","color_hero_text":"#fff","color_newsletter_input":"#1a1a1a","type_accent_family":"unica_one_n4","type_accent_spacing":true,"type_accent_transform":true,"type_base_family":"karla_n4","type_base_size":"16px","type_nav_size":"14px","type_nav_spacing":true,"type_nav_transform":true,"sections":{"slideshow":{"type":"slideshow","blocks":{"placeholder-0":{"type":"slide","settings":{}},"placeholder-1":{"type":"slide","settings":{}}},"block_order":["placeholder-0","placeholder-1"],"settings":{}},"footer":{"type":"footer","blocks":{"linklist":{"type":"menu","settings":{}},"social":{"type":"social","settings":{}}},"block_order":["linklist","social"],"settings":{}},"featured-collections":{"type":"featured-collections","blocks":{"featured-collections-0":{"type":"collection","settings":{}},"featured-collections-1":{"type":"collection","settings":{}},"featured-collections-2":{"type":"collection","settings":{}}},"block_order":["featured-collections-0","featured-collections-1","featured-collections-2"],"settings":{}},"featured-products":{"type":"featured-products","settings":{"collection":"frontpage"}},"image-content":{"type":"image-content","blocks":{"image-content-0":{"type":"image_block","settings":{}},"image-content-1":{"type":"text_block","settings":{}}},"block_order":["image-content-0","image-content-1"],"settings":{}}},"content_for_index":["slideshow","featured-collections","featured-products","image-content"]},"Outdoors":{"checkout_accent_color":"#f4743c","checkout_banner_background_color":"#fff","checkout_button_color":"#f4743c","checkout_call_to_action_color":"#f4743c","checkout_use_header_image":false,"color_body_bg":"#f7f7f7","color_body_headings":"#1a1a1a","color_body_text":"#666","color_button_bg":"#c04f1d","color_button_text":"#fff","color_content_bg":"#ffffff","color_footer_bg":"#213236","color_footer_text":"#fff","color_header_bg":"#213236","color_header_links":"#ffffff","color_hero_bg":"#f4743c","color_hero_text":"#fff","color_newsletter_input":"#425154","type_accent_family":"lora_n7","type_accent_spacing":false,"type_accent_transform":false,"type_base_family":"roboto_n4","type_base_size":"14px","type_nav_size":"15px","type_nav_spacing":false,"type_nav_transform":false},"Boxing":{"checkout_accent_color":"#d8232f","checkout_banner_background_color":"#fff","checkout_button_color":"#d8232f","checkout_call_to_action_color":"#d8232f","checkout_use_header_image":false,"color_body_bg":"#f0f0f0","color_body_headings":"#222222","color_body_text":"#666","color_button_bg":"#d8232f","color_button_text":"#fff","color_content_bg":"#ffffff","color_footer_bg":"#222222","color_footer_text":"#ffffff","color_header_bg":"#222222","color_header_links":"#ffffff","color_hero_bg":"#d8232f","color_hero_text":"#fff","color_newsletter_input":"#303030","type_accent_family":"open_sans_condensed_n7","type_accent_spacing":false,"type_accent_transform":true,"type_base_family":"source_sans_pro_n4","type_base_size":"17px","type_nav_size":"14px","type_nav_spacing":true,"type_nav_transform":true}}}